name;sex;user1_response;user2_response
Luke;m;no;no
Christopher;m;no;no
Nova;f;yes;yes
Jameson;m;no;no
Anthony;m;no;yes
Charlie;f;no;no
Piper;f;no;no
Ryder;m;no;no
Skylar;f;no;no
Brielle;f;no;no
Isabella;f;no;no
Athena;f;no;no
Mason;m;no;yes
Sophie;f;no;yes
Isaac;m;no;no
Landon;m;no;yes
Xavier;m;no;no
Alex;m;no;no
Rylee;f;no;no
Addison;f;no;no
Harper;f;no;no
Jaxon;m;no;no
Lincoln;m;no;no
Gabriella;f;no;no
Weston;m;no;no
Mateo;m;yes;yes
Nora;f;no;yes
Zoey;f;no;no
Jackson;m;no;no
Jack;m;yes;no
Avery;f;no;no
Violet;f;no;no
Cameron;m;no;no
Ella;f;yes;yes
Emery;f;no;yes
Maverick;m;no;no
Ethan;m;yes;yes
John;m;no;yes
Bella;f;no;no
Noah;m;yes;yes
Leilani;f;no;yes
Austin;m;yes;yes
Scarlett;f;no;no
Waylon;m;no;no
Kennedy;f;no;no
Leo;m;yes;yes
Willow;f;yes;no
Melody;f;no;yes
Jaxson;m;no;no
Camila;f;no;yes
Christian;m;no;no
Nolan;m;yes;yes
Hazel;f;yes;yes
Chloe;f;no;yes
Leah;f;no;yes
Eliana;f;no;no
Savannah;f;no;yes
Lillian;f;no;yes
Caleb;m;yes;yes
Levi;m;yes;yes
Lily;f;yes;no
Eva;f;no;no
Micah;m;no;yes
Brooklyn;f;no;no
Maya;f;yes;yes
Dominic;m;no;no
David;m;no;yes
Isla;f;yes;yes
Carter;m;no;no
Elizabeth;f;no;no
Miles;m;yes;yes
Everleigh;f;no;no
Eli;m;yes;yes
Ryleigh;f;no;no
Autumn;f;no;yes
Serenity;f;no;no
Julian;m;yes;no
Kai;m;yes;no
Mia;f;yes;yes
Everett;m;no;no
Elena;f;yes;no
Roman;m;no;no
Elijah;m;no;yes
Ava;f;yes;yes
Penelope;f;no;no
Benjamin;m;no;no
Alice;f;no;yes
Eleanor;f;no;no
Jacob;m;no;yes
Samuel;m;no;no
Jayden;m;no;no
Iris;f;yes;no
Lucas;m;yes;no
Greyson;m;no;no
Alexander;m;no;no
Riley;f;no;no
Isaiah;m;no;no
Emilia;f;no;yes
Grace;f;no;no
Cooper;m;no;no
Theo;m;yes;yes
Santiago;m;yes;no
William;m;no;no
Victoria;f;no;no
Charlotte;f;no;no
Sophia;f;no;yes
Wyatt;m;no;no
Aurora;f;no;yes
Grayson;m;no;no
Joshua;m;no;yes
Amelia;f;no;no
Raelynn;f;no;no
Audrey;f;no;yes
Ryan;m;no;yes
Amir;m;no;no
Henry;m;no;no
Easton;m;no;no
Anna;f;yes;yes
Jordan;m;no;no
Natalie;f;no;no
Hudson;m;no;no
Declan;m;no;yes
Naomi;f;no;yes
Adam;m;yes;yes
Silas;m;no;no
Oliver;m;no;no
Sofia;f;no;yes
Jace;m;no;no
Josiah;m;no;no
Aaliyah;f;no;no
Layla;f;yes;no
Madelyn;f;yes;no
Sadie;f;yes;no
Nathan;m;no;yes
Beau;m;no;no
Luca;m;yes;yes
Nevaeh;f;no;no
Amara;f;yes;no
Abigail;f;no;no
Paisley;f;no;no
Stella;f;no;no
Kingston;m;no;no
Charlie;m;no;yes
Gianna;f;no;yes
Delilah;f;no;no
Everly;f;no;no
Adrian;m;yes;yes
Claire;f;no;no
Theodore;m;no;no
Olivia;f;no;no
Aiden;m;yes;yes
Sebastian;m;no;no
Ezra;m;yes;no
Hailey;f;no;no
Michael;m;no;no
Ellie;f;yes;yes
Emma;f;no;yes
Ezekiel;m;no;no
Carson;m;no;no
Luna;f;yes;yes
Ivy;f;yes;yes
Rowan;m;yes;no
Natalia;f;no;no
Ariana;f;no;yes
Quinn;f;yes;yes
Emily;f;no;yes
Logan;m;yes;yes
James;m;yes;no
Lucy;f;no;no
Aaron;m;yes;yes
Aubrey;f;no;no
Hunter;m;no;no
Jade;f;yes;yes
Arya;f;no;yes
Ayla;f;no;yes
Daniel;m;no;no
Matthew;m;no;no
Thomas;m;no;no
Evelyn;f;no;no
Muhammad;m;no;no
Mila;f;yes;yes
Kinsley;f;no;no
Zoe;f;yes;yes
Valentina;f;no;no
Madison;f;no;no
Kayden;m;no;no
Liam;m;yes;yes
Hannah;f;yes;yes
Dylan;m;no;yes
Maria;f;no;no
Owen;m;no;yes
Colton;m;no;no
Asher;m;no;no
Elias;m;no;yes
Andrew;m;no;no
Jeremiah;m;no;no
Ruby;f;no;yes
Aria;f;no;yes
Joseph;m;no;no
Gabriel;m;no;no
Weylyn;m;no;no
Olyvia;f;no;no
Reyaan;m;no;no
Abrar;m;no;no
Taeson;m;no;no
Ibeth;f;no;no
Elisabeth;f;no;no
Mikhaela;f;no;no
Manveer;m;no;no
Jory;m;no;yes
Kendelle;f;no;no
Galylea;f;no;no
Alcide;m;no;no
Harlynn;f;no;no
Seniyah;f;no;no
Miabella;f;no;no
Trishna;f;no;no
Ayzlee;f;no;no
Maicy;f;no;no
Lania;f;no;yes
Axelle;f;no;no
Mitch;m;no;no
Zoriah;f;no;no
Elyjah;m;no;no
Fadi;m;no;yes
Japhet;m;no;no
Samira;f;no;no
Dalessandro;m;no;no
Vincent;m;yes;no
Amirah;f;no;no
Kimberlin;f;no;no
Makhail;m;no;no
Ryilee;f;no;no
Jaydalynn;f;no;no
Rydan;m;no;no
Presly;f;no;no
Dierks;m;no;no
Justise;f;no;no
Milaina;f;no;no
Caia;f;no;yes
Jessalyn;f;no;no
Gerhard;m;no;no
Kailas;m;no;no
Olivia;m;yes;no
Heela;f;no;no
Milcah;f;no;no
Raj;m;no;no
Syrianna;f;no;no
Leighana;f;no;no
Jahnyla;f;no;no
Krina;f;no;yes
Cavani;m;no;no
Cherif;m;no;no
Giavanna;f;no;no
Flash;m;no;no
Gigi;f;no;no
Kalaya;f;no;yes
Ilario;m;no;no
Matthews;m;no;no
Iyan;m;no;yes
Masie;f;no;no
Caiyden;m;no;no
Kyndall;m;no;no
Boluwatife;f;no;no
Anandi;f;no;no
Ailen;f;no;no
Johna;f;no;yes
Khaloni;f;no;no
Yekaterina;f;no;no
Escarleth;f;no;no
Reet;f;no;no
Sireen;f;no;no
Macayla;f;no;no
Tiyonna;f;no;no
Eugenie;f;no;no
Decklin;m;no;no
Juri;f;no;no
Brynnli;f;no;no
Taisha;f;no;no
Giselle;f;no;no
Antwine;m;no;no
Eveleen;f;no;no
Nico;m;no;no
Hade;f;no;no
Heriberto;m;no;no
Milinda;f;no;yes
Zalia;f;yes;yes
Cayse;m;no;no
Mysha;f;no;no
Raysean;m;no;no
Nasia;f;no;no
Aletha;f;no;no
Leonie;f;no;yes
Aryav;m;no;no
Semia;f;no;no
Phylicia;f;no;no
Jakaiden;m;no;no
Riku;m;no;no
Mahayla;f;no;no
Saphire;f;no;no
Kathrynn;f;no;no
Nivin;m;no;yes
Cairo;m;no;no
Anaria;f;no;yes
Kazi;m;no;yes
Kazi;f;no;yes
Kaziya;f;no;no
Jaylan;m;no;no
Kerah;f;no;no
Dezmin;m;no;no
Adrain;m;no;no
Joyelle;f;no;no
Norma;f;no;yes
Deston;m;no;no
Oksana;f;no;no
Makensie;f;no;no
Glover;m;no;no
Mikal;m;no;no
Mckai;m;no;no
Zissel;f;no;no
Andriea;f;no;no
Consuelo;f;no;no
Meri;f;no;yes
Evalise;f;no;no
Abdihafid;m;no;no
Mattox;m;no;no
Hiroki;m;no;no
Miriam;f;no;yes
Emmaclaire;f;no;no
Makbel;m;no;no
Elayne;f;no;no
Hennessy;f;no;no
Lakendrick;m;no;no
David;f;no;no
Schaeffer;m;no;no
Samson;m;no;no
Irianna;f;no;no
Kailynne;f;no;no
Marabelle;f;no;no
Sebatian;m;no;no
Rushil;m;no;no
Kassondra;f;no;no
Henrietta;f;no;no
Dreydon;m;no;no
Zavanna;f;no;no
Meera;f;no;no
Briceyda;f;no;no
Alecia;f;no;no
Amarys;f;no;no
Hhhh;m;yes;yes